Contract,No,Yes
Month-to-month,57.29032258064516,42.70967741935484
One year,88.73048200950441,11.269517990495586
Two year,97.16814159292035,2.831858407079646
