Metric,Value
Accuracy,0.7416607523066004
Precision,0.5138888888888888
Recall,0.4946524064171123
F1 Score,0.5040871934604905
