Dependents,No,Yes
No,68.72085951753498,31.279140482465028
Yes,84.54976303317535,15.450236966824646
