Metric,Value
Accuracy,0.8034066713981547
Precision,0.6520376175548589
Recall,0.5561497326203209
F1 Score,0.6002886002886003
