Partner,No,Yes
No,67.04202142268608,32.95797857731392
Yes,80.33509700176367,19.66490299823633
