PaymentMethod,No,Yes
Bank transfer (automatic),83.29015544041451,16.709844559585495
Credit card (automatic),84.7568988173456,15.243101182654403
Electronic check,54.71458773784356,45.28541226215645
Mailed check,80.89330024813896,19.106699751861044
