Metric,Value
Accuracy,0.8055358410220014
Precision,0.6572327044025157
Recall,0.5588235294117647
F1 Score,0.6040462427745664
